id,name,email,phone,company,status,user_id,created_at
316,【翔泳社の通販】SEshop,contactus@seshop.com,,,Spam,2,2024-10-17 22:37:35.592264
317,Next.js Conf,conf@info.nextjs.org,,,Spam,2,2024-10-17 22:38:27.924726
320,マジセミ代表 寺田雄一,tera@webinar-b.jp,,,Spam,2,2024-10-17 23:57:11.459737
321,【ビズスタ】,info@biz-study.com,,,Spam,2,2024-10-17 23:57:43.480361
75,Pinterest,recommendations@discover.pinterest.com,,,Spam,2,2024-10-17 11:39:48.489411
77,"",notify@zohoconnect.com,,,Spam,2,2024-10-17 11:39:53.032508
79,びゅうトラベルメールマガジン,viewtravel@mail.jre-travel.com,,,Spam,2,2024-10-17 11:40:23.767263
312,X,verify@x.com,,,Spam,2,2024-10-17 16:45:13.567388
318,平塚信用金庫,kib_shinkin@ssc.facetoface.ne.jp,,,Contacted,2,2024-10-17 22:38:48.074214
322,積水ハウス不動産の売買,sumusite-info@sekisuihouse.co.jp,,,Spam,2,2024-10-18 00:09:38.042566
331,楽天コミュニケーションズ,raku.info@comm.rakuten.co.jp,,,Spam,2,2024-10-18 01:07:39.848699
1411,ピー・シー・エー株式会社,info_pca@pca.co.jp,,,Spam,2,2024-10-22 02:05:46.371143
1448,G2,outreach@hello.g2.com,,,Spam,2,2024-10-22 13:05:50.201658
1458,1click後払い事務局,1clicksales@robotpayment.co.jp,,,Spam,2,2024-10-23 00:05:45.226748
1461,水野宏一,mzn-hrk@jcom.home.ne.jp,None,None,Qualified,2,2024-10-23 01:11:44.068327
76,Pinterest,recommendations@discover.pinterest.com,,,Spam,2,2024-10-17 11:39:49.201945
313,Skyscanner,no-reply@sender.skyscanner.com,,,Spam,2,2024-10-17 17:57:13.420919
323,リコージャパン株式会社,rcc_solution@d-marketing.jp.ricoh.com,,,Spam,2,2024-10-18 00:09:44.242112
459,EPARK,news@epark.jp,,,Spam,2,2024-10-18 23:45:48.904512
1344,楽天モバイル㈱　法人ネットワーク事業統括本部,rm-cx-info@mail.rakuten.com,,,Spam,2,2024-10-21 00:14:04.793595
1336,"Horie, Keisuke",Keisuke.Horie@dell.com,,,Contacted,2,2024-10-20 23:26:09.463922
1348,富士通ショッピングサイトWEB MART,info-biz@mail.direct.jp.fujitsu.com,,,Contacted,2,2024-10-21 00:56:05.492732
1347,Zoho Team,noreply@zohoaccounts.com,,,Spam,2,2024-10-21 00:50:05.578007
1349,ゾーホージャパン ウェビナー運営事務局,zoho-events@zoho.co.jp,,,Spam,2,2024-10-21 01:02:04.084721
1350,Mermaid,matt@mermaidchart.com,,,Spam,2,2024-10-21 01:02:07.54439
1351,NTTデータ イントラマート intra-mart LIVE 事務局,im-live2024@event-reg.jp,,,Spam,2,2024-10-21 01:02:07.685678
1361,ゾーホージャパン株式会社 ManageEngine事業部 営業部,sales@manageengine.jp,,,Spam,2,2024-10-21 02:32:08.103099
1364,株式会社フリーウェイジャパン,info@freeway-japan.com,,,Spam,2,2024-10-21 03:14:08.63379
1363,リージャス,Enquiry@regus-office.jp,,,Spam,2,2024-10-21 03:08:09.340732
1362,アンテロープ白木,sshiraki@antelope.work,,,Qualified,2,2024-10-21 02:44:03.609943
1373,Catalyst Team,info@zohocatalyst.com,,,Spam,2,2024-10-21 05:38:09.250598
1383,三井住友カード,mail@contact.vpass.ne.jp,,,Spam,2,2024-10-21 08:17:59.539941
1416,ウイングアーク１ｓｔ株式会社,news@wingarc.com,,,Spam,2,2024-10-22 02:35:42.867193
1418,新木ゆい（Baseconnect株式会社）,sales@baseconnect.in,,,Spam,2,2024-10-22 03:05:43.229718
1464,"",inoue@sagami-r.com,,,Qualified,2,2024-10-23 01:47:38.979969
1460,メシウス 株式会社（旧グレープシティ）,es.sales@contact.mescius.com,,,Spam,2,2024-10-23 01:11:37.982009
1463,StatusIQ,no-reply@mails.site24x7sp.eu,,,Spam,2,2024-10-23 01:41:42.009444
1465,QUOカードPayキャンペーン情報,info_payapp@quocard.net,,,Spam,2,2024-10-23 01:53:44.861892
324,マーケティング担当,marketing@robotpayment.co.jp,,,Spam,2,2024-10-18 00:15:26.788568
375,"",systemgenerated@zohocrm.com,,,Spam,2,2024-10-18 02:45:44.104206
408,tl;dv Team,no-reply@tldv.io,None,None,Contacted,2,2024-10-18 07:09:44.824089
447,Google Payments,payments-noreply@google.com,,,Contacted,2,2024-10-18 11:57:47.575231
1355,ゾーホージャパンManageEngine事業部,support_newsletters@manageengine.jp,,,Spam,2,2024-10-21 01:14:11.140971
1354,たんぽぽ歯科　柳田守康,tanpopo.yanagida@gmail.com,,,Qualified,2,2024-10-21 01:14:10.574439
1359,マネーフォワードクラウド年末調整,tax-adjustment.feedback@moneyforward.com,,,Spam,2,2024-10-21 02:08:03.673334
1360,株式会社セールスフォース・ジャパン,japan-marketing@mail.salesforce.com,,,Spam,2,2024-10-21 02:08:03.812346
150,不動産投資の楽待,no-reply@rakumachi.jp,,,Spam,2,2024-10-17 11:52:26.192751
151,不動産投資の楽待,no-reply@rakumachi.jp,,,Spam,2,2024-10-17 11:52:28.428905
152,Yahoo!しごとカタログ,jobs-info-master@mail.yahoo.co.jp,,,Spam,2,2024-10-17 11:52:31.78616
154,Replit,notifications@replit.com,,,Spam,2,2024-10-17 11:52:37.254148
156,seminar@myts-group.com,seminar@myts-group.com,,,Spam,2,2024-10-17 11:52:43.091953
158,クラウドワークス事務局,no-reply@melma.crowdworks.jp,,,Spam,2,2024-10-17 11:53:00.424176
160,富士通 My Cloud 事務局,mycloud-adv@fmworld.net,,,Spam,2,2024-10-17 11:53:14.533462
161,富士通 My Cloud 事務局,mycloud-adv@fmworld.net,,,Spam,2,2024-10-17 11:53:14.535605
163,TechTargetジャパン/キーマンズネット編集部,ttkn-mail@noreply.itmedia.co.jp,,,Spam,2,2024-10-17 11:53:21.046704
164,au PAY マーケット,mag@news.wowma.jp,,,Spam,2,2024-10-17 11:53:28.974696
166,au PAY カード,magazine@email.kddi-fs.com,,,Spam,2,2024-10-17 11:53:34.324616
168,アイオープラザ,ioplaza-mag@iodata.jp,,,Spam,2,2024-10-17 11:53:40.196374
169,アイオープラザ,ioplaza-mag@iodata.jp,,,Spam,2,2024-10-17 11:53:41.766194
170,編集部 小野寺恵子｜税理士ドットコム,zeiri4-info@zeiri4.com,,,Spam,2,2024-10-17 11:53:45.746069
172,JRE POINT事務局,info@ma.jrepoint.jp,,,Spam,2,2024-10-17 11:53:52.475854
174,第一生命,emagazine@daiichilife.com,,,Spam,2,2024-10-17 11:53:57.907484
176,ドミノ・ピザ,dominos@mail.dominos.jp,,,Spam,2,2024-10-17 11:54:06.903007
177,ドミノ・ピザ,dominos@mail.dominos.jp,,,Spam,2,2024-10-17 11:54:07.840921
178,"",infomail@japan.cnet.com,,,Spam,2,2024-10-17 11:54:17.330467
181,ネットオフ NEWS,magazine2@mail.netoff.co.jp,,,Spam,2,2024-10-17 11:54:26.836472
183,湘南ベルマーレ,bellmare@mf.scn-net.ne.jp,,,Spam,2,2024-10-17 11:54:37.543616
185,鹿島アントラーズ,no-reply@kashimaantlers.jp,,,Spam,2,2024-10-17 11:54:45.238745
187,楽天証券トウシル,mktg_nws@rakuten-sec.co.jp,,,Spam,2,2024-10-17 11:55:12.131454
189,OPEN HUB編集部,info-openhub@ml.ntt.com,,,Spam,2,2024-10-17 11:55:20.895922
190,ITmedia エンタープライズ,enterprise-mail@noreply.itmedia.co.jp,,,Spam,2,2024-10-17 11:55:25.766878
191,ITmedia エンタープライズ,enterprise-mail@noreply.itmedia.co.jp,,,Spam,2,2024-10-17 11:55:27.751192
193,FANY 公式,mag@fs.yoshimoto.co.jp,,,Spam,2,2024-10-17 11:55:38.229061
194,Start ファイナンス,microsoft.start@email2.microsoft.com,,,Spam,2,2024-10-17 11:55:55.21957
199,Jetstar,jetstar@email.jetstar.com,,,Spam,2,2024-10-17 11:56:35.999464
325,大澤悦子,keiri@o-sawa.net,None,None,Qualified,2,2024-10-18 00:21:24.12154
472,Audible.co.jp,newsletters@audible.co.jp,,,Spam,2,2024-10-19 04:45:46.861186
1222,Google カレンダー,calendar-noreply@google.com,,,Contacted,2,2024-10-20 14:22:12.97131
1385,西尾 真言,mac_nishio@yahoo.co.jp,,,Contacted,2,2024-10-21 08:54:22.584765
153,Yahoo!しごとカタログ,jobs-info-master@mail.yahoo.co.jp,,,Spam,2,2024-10-17 11:52:33.560036
162,TechTargetジャパン/キーマンズネット編集部,ttkn-mail@noreply.itmedia.co.jp,,,Spam,2,2024-10-17 11:53:20.741231
171,編集部 小野寺恵子｜税理士ドットコム,zeiri4-info@zeiri4.com,,,Spam,2,2024-10-17 11:53:47.646252
182,湘南ベルマーレ,bellmare@mf.scn-net.ne.jp,,,Spam,2,2024-10-17 11:54:36.752526
326,NTTコミュニケーションズ株式会社,mailnews@mail.ntt.com,,,Spam,2,2024-10-18 00:27:39.209659
393,さくらのユーザ通信,sakura-info@sakura.ad.jp,,,Spam,2,2024-10-18 04:09:45.597115
454,ITmedia ビジネスオンライン 編集部,eventnews@ml.itmedia.co.jp,,,Spam,2,2024-10-18 21:09:48.613464
1357,Shigeru Fukuyama,shigeru315@gmail.com,,,Qualified,2,2024-10-21 01:32:06.106797
542,Pinterest,recommendations@explore.pinterest.com,,,Spam,2,2024-10-19 22:51:34.845502
1513,Pinterest,pinterest-recommendations@ideas.pinterest.com,,,Spam,2,2024-10-24 08:47:46.172283
1516,Google Location Sharing,noreply-location-sharing@google.com,,,Spam,2,2024-10-24 09:41:51.169392
1519,Zoho Marketplace,news@zohomarketplace.com,,,Spam,2,2024-10-24 13:35:48.384148
1521,Zoho Developer Community,charles.dmonte@zohocorp.com,,,Spam,2,2024-10-24 13:59:48.151684
1524,Zapier,hello@send.zapier.com,,,Spam,2,2024-10-24 23:05:49.234012
694,"",notifications@zohocrm.com,,,Contacted,2,2024-10-20 05:22:19.713144
155,Replit,notifications@replit.com,,,Spam,2,2024-10-17 11:52:39.203145
159,クラウドワークス事務局,no-reply@melma.crowdworks.jp,,,Spam,2,2024-10-17 11:53:00.754404
165,au PAY マーケット,mag@news.wowma.jp,,,Spam,2,2024-10-17 11:53:29.333718
173,JRE POINT事務局,info@ma.jrepoint.jp,,,Spam,2,2024-10-17 11:53:55.301197
179,"",infomail@japan.cnet.com,,,Spam,2,2024-10-17 11:54:17.739473
184,鹿島アントラーズ,no-reply@kashimaantlers.jp,,,Spam,2,2024-10-17 11:54:44.060806
186,楽天証券トウシル,mktg_nws@rakuten-sec.co.jp,,,Spam,2,2024-10-17 11:55:10.934173
192,FANY 公式,mag@fs.yoshimoto.co.jp,,,Spam,2,2024-10-17 11:55:38.143737
451,Manvi from All in One SEO,support@aioseo.com,,,Spam,2,2024-10-18 13:45:49.331777
1333,Shimizu Mayu,mayu.shimizu@xpotential.co.jp,,,Spam,2,2024-10-20 23:14:07.765404
1399,Zoho Payments,payments@zohocorp.com,None,None,Contacted,2,2024-10-21 15:49:35.230641
1474,安藤文江 | シナプスイノベーション,marketing@synapse-i.jp,,,Spam,2,2024-10-23 04:05:42.69201
655,Zapier Information,info@mail.zapier.com,,,Spam,2,2024-10-20 04:46:21.644184
1478,Mail Delivery Subsystem,mailer-daemon@googlemail.com,,,Spam,2,2024-10-23 05:47:45.587712
1477,"",dell.myaccount.automated@dell.com,,,Spam,2,2024-10-23 05:41:44.95592
695,"",nobushige_1206@yahoo.co.jp,,,Contacted,2,2024-10-20 05:22:20.764352
1484,Google Search Console Team,sc-noreply@google.com,,,Spam,2,2024-10-23 19:53:51.117984
1486,Sun*マーケティングチーム,marketing@sun-asterisk.com,,,Spam,2,2024-10-23 23:05:54.412543
1493,青竹のふしサポート,support@aotake.co.jp,,,Spam,2,2024-10-23 23:41:51.452328
1496,INVOY,no-reply@invoy.jp,,,Spam,2,2024-10-24 00:11:41.638469
1502,テラスカイ マーケティング・コミュニケーション部,marketing@terrasky.co.jp,,,Spam,2,2024-10-24 03:05:39.901929
1508,Developers Boost 運営事務局,info_devboost@shoeisha.co.jp,,,Spam,2,2024-10-24 06:05:48.689029
1509,さくらインターネット,support@sakura.ad.jp,,,Contacted,2,2024-10-24 06:17:43.843723
426,富士通購入相談窓口 大隈,aookuma@sales2.fujitsu-webmart.com,None,None,Qualified,2,2024-10-18 09:13:14.446306
1371,えきねっと,information@eki-net.com,,,Spam,2,2024-10-21 04:30:26.687828
1378,小村 奈緒子,komura.naoko@teamspirit.com,,,Spam,2,2024-10-21 07:20:10.394157
1395,"",noreply-dmarc-support@google.com,,,Spam,2,2024-10-21 14:11:53.966071
1403,ROBOT PAYMENT/山田,yamada.kurumi@robotpayment.co.jp,,,Spam,2,2024-10-22 00:05:44.126333
1423,"",noreply-invitenotification@zohocrm.com,,,Spam,2,2024-10-22 03:59:41.616105
1424,富士通Salesforceプロモーション事務局,contact-sfdc2@cs.jp.fujitsu.com,,,Spam,2,2024-10-22 03:59:49.08921
1425,株式会社RevComm Marketing Team,michiru.kimura@revcomm.co.jp,,,Spam,2,2024-10-22 04:05:41.662594
1427,落合正悟(ManageEngine),jp-memarketing@zohocorp.com,,,Spam,2,2024-10-22 04:05:50.425678
1437,株式会社テラスカイ,product-mk@terrasky.co.jp,,,Spam,2,2024-10-22 08:41:52.728684
1,株式会社テラスカイ,mk@terrasky.co.jp,,,Spam,2,2024-10-17 11:34:13.711666
2,株式会社テラスカイ,mk@terrasky.co.jp,,,Spam,2,2024-10-17 11:34:15.427334
3,マネーフォワードクラウド,biz.feedback@moneyforward.com,,,Spam,2,2024-10-17 11:34:19.886602
4,マネーフォワードクラウド,biz.feedback@moneyforward.com,,,Spam,2,2024-10-17 11:34:24.817804
5,西尾システムコンサルタント 通知,notifications@zohoprojects.com,,,Spam,2,2024-10-17 11:34:27.749089
248,"",infomag@nttxstore.jp,,,Spam,2,2024-10-17 12:02:12.351669
1443,Salesforceイベント登録事務局,japanevent@salesforce.com,,,Spam,2,2024-10-22 10:05:56.382561
1447,Vigience Overcast,info@vigience.com,,,Spam,2,2024-10-22 13:05:47.676885
1454,マネーフォワードクラウド会計・確定申告,accounting.feedback@moneyforward.com,,,Spam,2,2024-10-22 23:35:50.399372
1449,Anthropic,invoice+statements@mail.anthropic.com,,,Contacted,2,2024-10-22 14:05:47.659969
1459,大澤 周平｜ソフトブレーン株式会社,ohsawa@softbrain.co.jp,,,Spam,2,2024-10-23 00:47:42.976017
1466,Anthropic,support@mail.anthropic.com,,,Contacted,2,2024-10-23 01:59:42.201946
1462,Google AdSense,adsense-noreply@google.com,,,Spam,2,2024-10-23 01:23:42.338748
907,市場 功夫,markt405@ybb.ne.jp,None,None,Qualified,2,2024-10-20 08:58:21.501144
6,西尾システムコンサルタント 通知,notifications@zohoprojects.com,,,Spam,2,2024-10-17 11:34:34.198835
7,株式会社RevComm,marketing@revcomm.co.jp,,,Spam,2,2024-10-17 11:34:43.965529
8,株式会社RevComm,marketing@revcomm.co.jp,,,Spam,2,2024-10-17 11:34:44.988278
9,山本 えりか｜バクラク,hello.bakuraku@layerx.co.jp,,,Spam,2,2024-10-17 11:34:50.641144
10,山本 えりか｜バクラク,hello.bakuraku@layerx.co.jp,,,Spam,2,2024-10-17 11:34:50.648823
13,株式会社マッシュマトリックス,info@mashmatrix.com,,,Spam,2,2024-10-17 11:35:00.001418
14,株式会社マッシュマトリックス,info@mashmatrix.com,,,Spam,2,2024-10-17 11:35:00.30233
15,Google,no-reply@accounts.google.com,,,Spam,2,2024-10-17 11:35:05.869488
16,Google,no-reply@accounts.google.com,,,Spam,2,2024-10-17 11:35:06.042233
17,"",community@zoho.co.jp,,,Spam,2,2024-10-17 11:35:32.352305
18,"",community@zoho.co.jp,,,Spam,2,2024-10-17 11:35:35.542412
19,Google カレンダー,calendar-notification@google.com,,,Spam,2,2024-10-17 11:35:44.872116
20,ベクタープロレジ,shopmail@vector.co.jp,,,Spam,2,2024-10-17 11:35:49.236876
21,ベクタープロレジ,shopmail@vector.co.jp,,,Spam,2,2024-10-17 11:35:52.440589
22,Pinterest,recommendations@inspire.pinterest.com,,,Spam,2,2024-10-17 11:35:56.144424
23,Pinterest,recommendations@inspire.pinterest.com,,,Spam,2,2024-10-17 11:35:58.460471
24,"",noreply@zohocalendar.com,,,Spam,2,2024-10-17 11:36:00.367961
25,"",noreply@zohocalendar.com,,,Spam,2,2024-10-17 11:36:02.798176
27,IFTTT,mail@ifttt.com,,,Spam,2,2024-10-17 11:36:12.264017
28,特Pサポート,noreply@earth-car.com,,,Spam,2,2024-10-17 11:36:15.973927
29,特Pサポート,noreply@earth-car.com,,,Spam,2,2024-10-17 11:36:17.893136
30,柏木 琴絵|NTTデータ イントラマートイベント事務局,seminar@intra-mart.jp,,,Spam,2,2024-10-17 11:36:21.389278
31,柏木 琴絵|NTTデータ イントラマートイベント事務局,seminar@intra-mart.jp,,,Spam,2,2024-10-17 11:36:23.750511
32,Yahoo!フリマぴたっとメール,ppfleama-news@mail.yahoo.co.jp,,,Spam,2,2024-10-17 11:36:26.542356
33,榑林 優衣（株式会社ラクス「楽楽明細」担当）,rakurakumeisai@sales.rakus.co.jp,,,Spam,2,2024-10-17 11:36:28.028057
34,榑林 優衣（株式会社ラクス「楽楽明細」担当）,rakurakumeisai@sales.rakus.co.jp,,,Spam,2,2024-10-17 11:36:30.296196
35,楽天カード株式会社,info@mail.rakuten-card.co.jp,,,Spam,2,2024-10-17 11:36:32.478543
36,Amazon.co.jp,store-news@amazon.co.jp,,,Spam,2,2024-10-17 11:36:41.945813
37,Amazon.co.jp,store-news@amazon.co.jp,,,Spam,2,2024-10-17 11:36:42.426437
38,ITreview 事務局,info@itreview.jp,,,Spam,2,2024-10-17 11:36:48.913683
39,ITreview 事務局,info@itreview.jp,,,Spam,2,2024-10-17 11:36:49.163257
40,COMご請求のお知らせ,jcom_newsletter@jcom.co.jp,,,Spam,2,2024-10-17 11:36:55.115841
41,COMご請求のお知らせ,jcom_newsletter@jcom.co.jp,,,Spam,2,2024-10-17 11:36:55.900548
42,稲田 美紀｜PR TIMES Jooto事業部,jooto-cs@prtimes.co.jp,,,Spam,2,2024-10-17 11:37:08.380418
43,稲田 美紀｜PR TIMES Jooto事業部,jooto-cs@prtimes.co.jp,,,Spam,2,2024-10-17 11:37:09.354775
44,翔泳社 Book News,sebn_support@shoeisha.co.jp,,,Spam,2,2024-10-17 11:37:14.983304
45,翔泳社 Book News,sebn_support@shoeisha.co.jp,,,Spam,2,2024-10-17 11:37:16.926319
46,Biz/Zine編集部,support@bizzine.jp,,,Spam,2,2024-10-17 11:37:25.026615
47,Biz/Zine編集部,support@bizzine.jp,,,Spam,2,2024-10-17 11:37:27.304673
48,CodeZine編集部,support@codezine.jp,,,Spam,2,2024-10-17 11:37:31.807332
49,Amazon Business,no-reply@business.amazon.co.jp,,,Spam,2,2024-10-17 11:37:37.965709
50,Amazon Business,no-reply@business.amazon.co.jp,,,Spam,2,2024-10-17 11:37:38.000327
51,長岡 和暉,nagaoka@immedio.io,,,Spam,2,2024-10-17 11:37:50.123996
52,長岡 和暉,nagaoka@immedio.io,,,Spam,2,2024-10-17 11:37:50.547764
53,YEALE 運営事務局 powered by 株式会社セレブリックス,yeale_support@yeale-by-cerebrix.com,,,Spam,2,2024-10-17 11:37:56.314751
54,YEALE 運営事務局 powered by 株式会社セレブリックス,yeale_support@yeale-by-cerebrix.com,,,Spam,2,2024-10-17 11:37:56.818755
55,LinkShare ニュース,aff-support@linkshare.com,,,Spam,2,2024-10-17 11:38:01.986197
56,LinkShare ニュース,aff-support@linkshare.com,,,Spam,2,2024-10-17 11:38:02.438301
57,Money Forward,feedback@moneyforward.com,,,Spam,2,2024-10-17 11:38:09.56107
58,Money Forward,feedback@moneyforward.com,,,Spam,2,2024-10-17 11:38:10.084761
59,no-reply@zohobooks.com,no-reply@zohobooks.com,,,Spam,2,2024-10-17 11:38:14.868788
60,no-reply@zohobooks.com,no-reply@zohobooks.com,,,Spam,2,2024-10-17 11:38:15.590718
61,税理士法人アーリークロス,news@earlycross.co.jp,,,Spam,2,2024-10-17 11:38:31.056845
63,ゾーホージャパン株式会社,zoholicsjapan@zohoevents.jp,,,Spam,2,2024-10-17 11:38:46.713529
64,ゾーホージャパン株式会社,zoholicsjapan@zohoevents.jp,,,Spam,2,2024-10-17 11:38:47.284282
65,セレブリックス 垰野下さやか,sayaka.tonoshita@cerebrix.jp,,,Spam,2,2024-10-17 11:38:58.602527
66,セレブリックス 垰野下さやか,sayaka.tonoshita@cerebrix.jp,,,Spam,2,2024-10-17 11:38:58.652817
67,ETCIO The Morning Report,newsletter@etcio.com,,,Spam,2,2024-10-17 11:39:04.278485
68,ETCIO The Morning Report,newsletter@etcio.com,,,Spam,2,2024-10-17 11:39:04.838779
71,ETCISO,event@etcio.com,,,Spam,2,2024-10-17 11:39:26.057154
72,ETCISO,event@etcio.com,,,Spam,2,2024-10-17 11:39:27.519922
73,ETCIO,webinar@etcio.com,,,Spam,2,2024-10-17 11:39:42.555176
74,ETCIO,webinar@etcio.com,,,Spam,2,2024-10-17 11:39:43.507163
78,"",notify@zohoconnect.com,,,Spam,2,2024-10-17 11:39:53.493526
80,びゅうトラベルメールマガジン,viewtravel@mail.jre-travel.com,,,Spam,2,2024-10-17 11:40:23.989781
81,ITmediaエンタープライズ 中小企業通信 Special,enterprise-mail@itmedia.co.jp,,,Spam,2,2024-10-17 11:46:41.784436
82,GitHub,no-reply@email.github.com,,,Spam,2,2024-10-17 11:46:47.432992
83,GitHub,no-reply@email.github.com,,,Spam,2,2024-10-17 11:46:47.458534
84,アドビ株式会社,mail@mail.adobe.com,,,Spam,2,2024-10-17 11:46:52.575034
85,アドビ株式会社,mail@mail.adobe.com,,,Spam,2,2024-10-17 11:46:52.885017
70,西尾 真言,makoto@team240.net,None,None,Contacted,2,2024-10-17 11:39:13.610781
86,MONOist/EE Times/EDN,monoist@sml.itmedia.co.jp,,,Spam,2,2024-10-17 11:47:12.205658
87,MONOist/EE Times/EDN,monoist@sml.itmedia.co.jp,,,Spam,2,2024-10-17 11:47:12.357729
88,ZDNET Japan編集部,newsletter@japan.zdnet.com,,,Spam,2,2024-10-17 11:47:20.348034
89,ZDNET Japan編集部,newsletter@japan.zdnet.com,,,Spam,2,2024-10-17 11:47:21.42633
90,日経ニュースメール,nikkei-news@mx.nikkei.com,,,Spam,2,2024-10-17 11:47:26.785922
91,日経ニュースメール,nikkei-news@mx.nikkei.com,,,Spam,2,2024-10-17 11:47:27.100301
92,新建ハウジングメールニュース【日刊】,s-housing@shinkenpress.co.jp,,,Spam,2,2024-10-17 11:47:34.479603
93,新建ハウジングメールニュース【日刊】,s-housing@shinkenpress.co.jp,,,Spam,2,2024-10-17 11:47:35.72234
94,ZDNET Japan新着/注目資料,wpletter@japan.zdnet.com,,,Spam,2,2024-10-17 11:47:41.516929
95,ITmedia マーケティング編集部,marketing-mail@itmedia.co.jp,,,Spam,2,2024-10-17 11:47:49.738912
96,OpenWork,news_today@vorkers.com,,,Spam,2,2024-10-17 11:47:55.680511
97,OpenWork,news_today@vorkers.com,,,Spam,2,2024-10-17 11:47:55.837334
98,バックオフィスDXカンファレンス 2024 秋 事務局,event-bit@ml3.sbcr.jp,,,Spam,2,2024-10-17 11:48:00.676244
99,バックオフィスDXカンファレンス 2024 秋 事務局,event-bit@ml3.sbcr.jp,,,Spam,2,2024-10-17 11:48:00.949543
100,デル・テクノロジーズ ビジネス,dell_technologies@apj.comm.dell.com,,,Spam,2,2024-10-17 11:48:13.788952
101,デル・テクノロジーズ ビジネス,dell_technologies@apj.comm.dell.com,,,Spam,2,2024-10-17 11:48:13.834062
102,BizHint 編集部,support@bizhint.jp,,,Spam,2,2024-10-17 11:48:24.251534
103,BizHint 編集部,support@bizhint.jp,,,Spam,2,2024-10-17 11:48:24.963178
104,EnterpriseZine編集部,support@enterprisezine.jp,,,Spam,2,2024-10-17 11:48:30.642968
105,EnterpriseZine編集部,support@enterprisezine.jp,,,Spam,2,2024-10-17 11:48:32.068307
106,MONOist/EE Times/EDN/スマートジャパン/BUILT/TechFactory,monoist@noreply.itmedia.co.jp,,,Spam,2,2024-10-17 11:48:42.82132
107,MONOist/EE Times/EDN/スマートジャパン/BUILT/TechFactory,monoist@noreply.itmedia.co.jp,,,Spam,2,2024-10-17 11:48:43.544184
108,住まいサーフィン,webmaster@sumai-surfin.com,,,Spam,2,2024-10-17 11:48:50.435719
109,住まいサーフィン,webmaster@sumai-surfin.com,,,Spam,2,2024-10-17 11:48:50.782337
110,Ｖポイントニュース,ptmag@tsite.jp,,,Spam,2,2024-10-17 11:48:57.01186
111,Ｖポイントニュース,ptmag@tsite.jp,,,Spam,2,2024-10-17 11:48:57.451177
112,東洋経済EventInfo,newsletter_eventinfo@toyokeizai.net,,,Spam,2,2024-10-17 11:49:01.977344
113,東洋経済EventInfo,newsletter_eventinfo@toyokeizai.net,,,Spam,2,2024-10-17 11:49:02.706415
114,茨城大学,ibaraki.admin@giving-campaign.jp,,,Spam,2,2024-10-17 11:49:06.608935
115,茨城大学,ibaraki.admin@giving-campaign.jp,,,Spam,2,2024-10-17 11:49:07.777337
116,BizHint ニュース,news@bizhint.jp,,,Spam,2,2024-10-17 11:49:12.982922
117,BizHint ニュース,news@bizhint.jp,,,Spam,2,2024-10-17 11:49:13.570867
118,Salesforce,email@mail.salesforce.com,,,Spam,2,2024-10-17 11:49:27.653054
119,Salesforce,email@mail.salesforce.com,,,Spam,2,2024-10-17 11:49:27.701369
120,TechTargetジャパン/キーマンズネット編集部,ttkn-tgmail@noreply.itmedia.co.jp,,,Spam,2,2024-10-17 11:49:37.225589
121,TechTargetジャパン/キーマンズネット編集部,ttkn-tgmail@noreply.itmedia.co.jp,,,Spam,2,2024-10-17 11:49:37.966087
122,三井不動産リアルティ（株）藤沢センター第５ユニット,fujisawa-u5@rehouse.co.jp,,,Spam,2,2024-10-17 11:49:48.72284
123,三井不動産リアルティ（株）藤沢センター第５ユニット,fujisawa-u5@rehouse.co.jp,,,Spam,2,2024-10-17 11:49:49.68297
124,ソフトバンク株式会社 法人メール編集部,GRP-b2b-mail@g.softbank.co.jp,,,Spam,2,2024-10-17 11:50:00.835006
125,ソフトバンク株式会社 法人メール編集部,GRP-b2b-mail@g.softbank.co.jp,,,Spam,2,2024-10-17 11:50:02.225991
126,NTTコミュニケーションズ株式会社,info-promo@mail.ntt.com,,,Spam,2,2024-10-17 11:50:07.944358
127,NTTコミュニケーションズ株式会社,info-promo@mail.ntt.com,,,Spam,2,2024-10-17 11:50:08.983994
128,サントリーウエルネス,shop@suntory-kenko.com,,,Spam,2,2024-10-17 11:50:33.590441
129,サントリーウエルネス,shop@suntory-kenko.com,,,Spam,2,2024-10-17 11:50:35.316797
130,フリー株式会社,freee@freee.co.jp,,,Spam,2,2024-10-17 11:50:39.693025
131,フリー株式会社,freee@freee.co.jp,,,Spam,2,2024-10-17 11:50:41.291164
132,"","",,,Spam,2,2024-10-17 11:50:45.444911
133,"","",,,Spam,2,2024-10-17 11:50:46.852255
134,Eight,notification@8card.net,,,Spam,2,2024-10-17 11:50:57.416541
135,Eight,notification@8card.net,,,Spam,2,2024-10-17 11:50:57.715297
136,サンドビック・コロマント,CoromantJapan@sandvik.com,,,Spam,2,2024-10-17 11:51:09.797201
137,サンドビック・コロマント,CoromantJapan@sandvik.com,,,Spam,2,2024-10-17 11:51:12.430737
138,【PontaWebニュース】,pontawebnews@point.recruit.co.jp,,,Spam,2,2024-10-17 11:51:16.066033
139,【PontaWebニュース】,pontawebnews@point.recruit.co.jp,,,Spam,2,2024-10-17 11:51:18.758214
140,note,noreply@note.com,,,Spam,2,2024-10-17 11:51:24.943828
141,note,noreply@note.com,,,Spam,2,2024-10-17 11:51:25.173656
142,ショップジャパン,shop@mail.shopjapan.co.jp,,,Spam,2,2024-10-17 11:51:51.440534
143,ショップジャパン,shop@mail.shopjapan.co.jp,,,Spam,2,2024-10-17 11:51:51.671181
144,Facebookの八木澤 望さん,friendupdates@facebookmail.com,,,Spam,2,2024-10-17 11:52:08.22581
145,Facebookの八木澤 望さん,friendupdates@facebookmail.com,,,Spam,2,2024-10-17 11:52:09.76766
146,セミナー事務局/SATORI株式会社,marketing@satori.team,,,Spam,2,2024-10-17 11:52:12.643751
147,セミナー事務局/SATORI株式会社,marketing@satori.team,,,Spam,2,2024-10-17 11:52:14.268869
148,船井総研,mail-academy@funaisoken.co.jp,,,Spam,2,2024-10-17 11:52:18.92334
149,船井総研,mail-academy@funaisoken.co.jp,,,Spam,2,2024-10-17 11:52:20.753941
157,seminar@myts-group.com,seminar@myts-group.com,,,Spam,2,2024-10-17 11:52:43.822798
167,au PAY カード,magazine@email.kddi-fs.com,,,Spam,2,2024-10-17 11:53:35.458076
175,第一生命,emagazine@daiichilife.com,,,Spam,2,2024-10-17 11:54:00.468727
180,ネットオフ NEWS,magazine2@mail.netoff.co.jp,,,Spam,2,2024-10-17 11:54:24.404522
188,OPEN HUB編集部,info-openhub@ml.ntt.com,,,Spam,2,2024-10-17 11:55:19.067452
195,Start ファイナンス,microsoft.start@email2.microsoft.com,,,Spam,2,2024-10-17 11:55:56.534742
196,すかいらーく,mail@ml.skylark.co.jp,,,Spam,2,2024-10-17 11:56:29.049726
197,すかいらーく,mail@ml.skylark.co.jp,,,Spam,2,2024-10-17 11:56:30.291795
198,Jetstar,jetstar@email.jetstar.com,,,Spam,2,2024-10-17 11:56:34.954876
200,リコージャパン株式会社　PASSインフォメーション,pass_info@d-marketing.jp.ricoh.com,,,Spam,2,2024-10-17 11:56:57.636918
201,リコージャパン株式会社　PASSインフォメーション,pass_info@d-marketing.jp.ricoh.com,,,Spam,2,2024-10-17 11:57:00.989306
202,ぐるなび会員メールマガジン「ぐるマガ」,gnavi-member@gnavi.co.jp,,,Spam,2,2024-10-17 11:57:10.820964
203,ぐるなび会員メールマガジン「ぐるマガ」,gnavi-member@gnavi.co.jp,,,Spam,2,2024-10-17 11:57:11.632306
204,au PAY インフォメーション,shop-infomail@aupay.wallet.auone.jp,,,Spam,2,2024-10-17 11:57:17.55919
205,au PAY インフォメーション,shop-infomail@aupay.wallet.auone.jp,,,Spam,2,2024-10-17 11:57:18.415962
206,PayPayカード,paypaycard-info@mail.paypay-card.co.jp,,,Spam,2,2024-10-17 11:57:23.290971
207,PayPayカード,paypaycard-info@mail.paypay-card.co.jp,,,Spam,2,2024-10-17 11:57:24.622315
208,LINE WORKS株式会社,contact_jp@line-works.com,,,Spam,2,2024-10-17 11:57:34.158295
209,LINE WORKS株式会社,contact_jp@line-works.com,,,Spam,2,2024-10-17 11:57:36.107779
210,後藤｜NTT東日本,info@bizdrive.ntt-east.co.jp,,,Spam,2,2024-10-17 11:57:39.982939
211,後藤｜NTT東日本,info@bizdrive.ntt-east.co.jp,,,Spam,2,2024-10-17 11:57:42.489841
212,イーベ！事務局｜イベント管理,news@event-form.jp,,,Spam,2,2024-10-17 11:57:50.772269
213,イーベ！事務局｜イベント管理,news@event-form.jp,,,Spam,2,2024-10-17 11:57:53.123794
214,JRE POINT事務局,info@form.jrepoint.jp,,,Spam,2,2024-10-17 11:58:15.584782
215,JRE POINT事務局,info@form.jrepoint.jp,,,Spam,2,2024-10-17 11:58:16.26378
216,Google Gemini,google-gemini-noreply@google.com,,,Spam,2,2024-10-17 11:58:29.378361
217,Google Gemini,google-gemini-noreply@google.com,,,Spam,2,2024-10-17 11:58:31.186008
218,ECzine編集部,support@eczine.jp,,,Spam,2,2024-10-17 11:58:35.137508
219,ECzine編集部,support@eczine.jp,,,Spam,2,2024-10-17 11:58:37.068568
220,【東京電力エナジーパートナー】くらしTEPCO web,mail@kurashi3.tepco.co.jp,,,Spam,2,2024-10-17 11:58:53.254092
221,【東京電力エナジーパートナー】くらしTEPCO web,mail@kurashi3.tepco.co.jp,,,Spam,2,2024-10-17 11:58:53.872426
222,ステップニュース【住友不動産販売】,stepon-news@stepon.co.jp,,,Spam,2,2024-10-17 11:59:06.140271
223,ステップニュース【住友不動産販売】,stepon-news@stepon.co.jp,,,Spam,2,2024-10-17 11:59:06.72719
224,JALマイレージバンク,jmbnews@jalmail.jal.com,,,Spam,2,2024-10-17 11:59:18.049663
225,JALマイレージバンク,jmbnews@jalmail.jal.com,,,Spam,2,2024-10-17 11:59:18.81782
226,Ｊリーグからのお知らせ,jnews@jleague.jp,,,Spam,2,2024-10-17 11:59:25.253036
227,Ｊリーグからのお知らせ,jnews@jleague.jp,,,Spam,2,2024-10-17 11:59:26.046218
228,"",noreply-apps-scripts-notifications@google.com,,,Spam,2,2024-10-17 11:59:51.688658
229,"",noreply-apps-scripts-notifications@google.com,,,Spam,2,2024-10-17 11:59:53.047146
230,めちゃコミック,magazine@mail.mechacomic.jp,,,Spam,2,2024-10-17 12:00:27.13871
231,めちゃコミック,magazine@mail.mechacomic.jp,,,Spam,2,2024-10-17 12:00:27.45305
232,【東京電力エナジーパートナー】くらしTEPCO web,info@kurashi.tepco.co.jp,,,Spam,2,2024-10-17 12:00:33.908787
233,【東京電力エナジーパートナー】くらしTEPCO web,info@kurashi.tepco.co.jp,,,Spam,2,2024-10-17 12:00:35.543712
234,Peach Aviation,noreply@resmail.flypeach.com,,,Spam,2,2024-10-17 12:00:40.081377
235,Peach Aviation,noreply@resmail.flypeach.com,,,Spam,2,2024-10-17 12:00:41.366068
236,富士通 My Cloud 事務局,mycloud@fmworld.net,,,Spam,2,2024-10-17 12:00:50.792366
237,富士通 My Cloud 事務局,mycloud@fmworld.net,,,Spam,2,2024-10-17 12:00:51.042779
238,読売新聞社,newsletter@my.yomiuri.co.jp,,,Spam,2,2024-10-17 12:01:10.941875
239,読売新聞社,newsletter@my.yomiuri.co.jp,,,Spam,2,2024-10-17 12:01:12.645546
240,ジャングルストア/筆ぐるめストア,jungle-info@junglejapan.com,,,Spam,2,2024-10-17 12:01:21.930339
241,ジャングルストア/筆ぐるめストア,jungle-info@junglejapan.com,,,Spam,2,2024-10-17 12:01:23.450738
242,川崎フロンターレ後援会,info@frontale.co.jp,,,Spam,2,2024-10-17 12:01:40.26264
243,川崎フロンターレ後援会,info@frontale.co.jp,,,Spam,2,2024-10-17 12:01:41.999513
244,TENTIAL オンラインストア,info@mail.tential.jp,,,Spam,2,2024-10-17 12:01:47.028323
245,TENTIAL オンラインストア,info@mail.tential.jp,,,Spam,2,2024-10-17 12:01:49.213194
246,（株）マッケンジーハウス小田原支店,odawara@mackenzie.co.jp,,,Spam,2,2024-10-17 12:01:59.639806
247,（株）マッケンジーハウス小田原支店,odawara@mackenzie.co.jp,,,Spam,2,2024-10-17 12:01:59.886975
249,"",infomag@nttxstore.jp,,,Spam,2,2024-10-17 12:02:13.959336
250,Amazon,account-update@amazon.com,,,Spam,2,2024-10-17 12:05:27.046908
251,Amazon,account-update@amazon.com,,,Spam,2,2024-10-17 12:05:27.81956
252,The Google Workspace Team,workspace-noreply@google.com,,,Spam,2,2024-10-17 13:34:34.824803
253,The Google Workspace Team,workspace-noreply@google.com,,,Spam,2,2024-10-17 13:34:38.900338
254,まぐまぐ総合夕刊版,mag2evening@mag2official.com,,,Spam,2,2024-10-17 13:53:19.528639
255,まぐまぐ総合夕刊版,mag2evening@mag2official.com,,,Spam,2,2024-10-17 13:53:23.700551
11,makoto nishio,macnishio@gmail.com,None,None,Contacted,2,2024-10-17 11:34:55.905875
310,Team Twilio,teamtwilio@team.twilio.com,,,Spam,2,2024-10-17 16:26:29.773636
1372,えきねっと,information@eki-net.com,,,Spam,2,2024-10-21 04:30:26.703199
1379,Zoho Cares,support@zohoconnect.com,,,Spam,2,2024-10-21 07:26:04.801428
1396,Anthropic,support+news@mail.anthropic.com,,,Spam,2,2024-10-21 14:34:22.143308
1529,ブレインパッドからのお知らせ,edu_marketing@brainpad.co.jp,,,Spam,2,2024-10-25 02:11:41.446541
1530,Salesforce,no-reply@digital.salesforce.com,,,Spam,2,2024-10-25 02:23:42.108467
1532,Biz/Zine Day 運営事務局,info_bizday@shoeisha.co.jp,,,Spam,2,2024-10-25 03:05:46.823848
1536,Notta Team,team@mail.notta.ai,,,Spam,2,2024-10-25 06:05:48.35566
